{"intercept": -167166.63382314288, "coefficients": [2991.0462466531308, -1239.0326776145478, 5225.874988143883, -49602.697648031164]}