{"max_sq_mt":500,"min_sq_mt":18,"max_rooms":5,"min_rooms":0.5,"max_long":20.554636,"min_long":20.227317,"max_lat":44.896755,"min_lat":44.723259,"max_price":599000,"min_price":27500}